{
    "Random Forest": 0.9810555555555556,
    "XGBoost": 0.9763888888888889
}