{
    "accuracy": [
        0.6193055510520935,
        0.8527777791023254,
        0.8900694251060486,
        0.8956249952316284,
        0.9052777886390686,
        0.914513885974884,
        0.9173611402511597,
        0.9240972399711609,
        0.9257639050483704,
        0.9267361164093018,
        0.9340277910232544,
        0.9306944608688354,
        0.9318055510520935,
        0.9325694441795349,
        0.9295833110809326,
        0.9354166388511658,
        0.9338194727897644,
        0.9359027743339539,
        0.9385416507720947,
        0.9362499713897705,
        0.9357638955116272,
        0.9378471970558167,
        0.9399999976158142,
        0.941319465637207,
        0.9424305558204651,
        0.9406944513320923,
        0.9407638907432556,
        0.945555567741394,
        0.9434027671813965,
        0.941319465637207,
        0.9436805844306946,
        0.9447222352027893,
        0.9426388740539551,
        0.9444444179534912,
        0.9464583396911621,
        0.9434027671813965,
        0.9420138597488403,
        0.9461805820465088,
        0.9434722065925598,
        0.9456250071525574,
        0.945972204208374,
        0.9468055367469788,
        0.944652795791626,
        0.9468055367469788,
        0.9462500214576721,
        0.9477777481079102,
        0.9463889002799988,
        0.949097216129303,
        0.9482638835906982,
        0.9481250047683716
    ],
    "loss": [
        1.5115551948547363,
        0.5218034982681274,
        0.35066521167755127,
        0.3059493899345398,
        0.2765665650367737,
        0.24755625426769257,
        0.2341771423816681,
        0.22156819701194763,
        0.20950737595558167,
        0.20971888303756714,
        0.1904873549938202,
        0.1939382255077362,
        0.19265268743038177,
        0.1917358636856079,
        0.18891693651676178,
        0.17744983732700348,
        0.18475455045700073,
        0.18230928480625153,
        0.17362536489963531,
        0.1724579632282257,
        0.1736687272787094,
        0.16796284914016724,
        0.16740812361240387,
        0.16510652005672455,
        0.16094598174095154,
        0.1639801412820816,
        0.16140565276145935,
        0.1533430516719818,
        0.16216140985488892,
        0.16698837280273438,
        0.1600276678800583,
        0.15590591728687286,
        0.15597359836101532,
        0.15580609440803528,
        0.14877592027187347,
        0.15463301539421082,
        0.15872183442115784,
        0.14957059919834137,
        0.15695054829120636,
        0.14882685244083405,
        0.15214349329471588,
        0.146925687789917,
        0.14944948256015778,
        0.14931143820285797,
        0.1499471664428711,
        0.14318834245204926,
        0.14825880527496338,
        0.1436314582824707,
        0.1407720297574997,
        0.14372950792312622
    ],
    "val_accuracy": [
        0.9063888788223267,
        0.9397222399711609,
        0.9444444179534912,
        0.9519444704055786,
        0.949999988079071,
        0.9527778029441833,
        0.9552778005599976,
        0.9588888883590698,
        0.9524999856948853,
        0.9527778029441833,
        0.9549999833106995,
        0.9536111354827881,
        0.9599999785423279,
        0.9555555582046509,
        0.9588888883590698,
        0.9591666460037231,
        0.9549999833106995,
        0.95333331823349,
        0.9561111330986023,
        0.960277795791626,
        0.9636111259460449,
        0.9622222185134888,
        0.9566666483879089,
        0.9611111283302307,
        0.960277795791626,
        0.9616666436195374,
        0.9599999785423279,
        0.9630555510520935,
        0.9594444632530212,
        0.9586111307144165,
        0.9605555534362793,
        0.9605555534362793,
        0.9608333110809326,
        0.9588888883590698,
        0.9633333086967468,
        0.9638888835906982,
        0.9638888835906982,
        0.9616666436195374,
        0.9636111259460449,
        0.9652777910232544,
        0.9538888931274414,
        0.9616666436195374,
        0.9619444608688354,
        0.9619444608688354,
        0.961388885974884,
        0.9638888835906982,
        0.9630555510520935,
        0.965833306312561,
        0.961388885974884,
        0.9638888835906982
    ],
    "val_loss": [
        0.49128207564353943,
        0.2036171704530716,
        0.16429756581783295,
        0.14178019762039185,
        0.13400982320308685,
        0.1352471560239792,
        0.12097768485546112,
        0.11285135895013809,
        0.12693637609481812,
        0.11903534829616547,
        0.11030251532793045,
        0.11857174336910248,
        0.11018119752407074,
        0.11777355521917343,
        0.10865303874015808,
        0.1063997745513916,
        0.11330796033143997,
        0.12529154121875763,
        0.11425703018903732,
        0.10930106043815613,
        0.10196398943662643,
        0.10201941430568695,
        0.12159878760576248,
        0.10157302021980286,
        0.10806964337825775,
        0.10015112906694412,
        0.1029437780380249,
        0.09602316468954086,
        0.10570845752954483,
        0.10791013389825821,
        0.10166826844215393,
        0.10001737624406815,
        0.09984783083200455,
        0.11265865713357925,
        0.09611497074365616,
        0.10196555405855179,
        0.0953860655426979,
        0.10032975673675537,
        0.09570588916540146,
        0.10018224269151688,
        0.1163751631975174,
        0.09931811690330505,
        0.09808889031410217,
        0.09897421300411224,
        0.10262362658977509,
        0.09546428173780441,
        0.0934109017252922,
        0.09264793992042542,
        0.09429886192083359,
        0.09868118166923523
    ]
}